{
    // See https://go.microsoft.com/fwlink/?LinkId=733558 
    // for the documentation about the tasks.json format
    "version": "2.0.0",
    "tasks": [
        {
        "type": "shell",
        "label": "task g++",
        "command": "C:/c++/mingw/bin/g++.exe",	/*修改成自己bin目录下的g++.exe，这里的路径和电脑里复制的文件目录有一点不一样，这里是两个反斜杠\\*/
        "args": [
            "-g",
            "${file}",
            "-o",
            "${fileDirname}\\${fileBasenameNoExtension}.exe",
            "-I",
            "D:\\code\\c++",      /*修改成自己放c/c++项目的文件夹，这里的路径和电脑里复制的文件目录有一点不一样，这里是两个反斜杠\\*/
            "-std=c++11"
        ],
        "options": {
            "cwd": "C:/c++/mingw/bin"	/*修改成自己bin目录，这里的路径和电脑里复制的文件目录有一点不一样，这里是两个反斜杠\\*/
        },
        "problemMatcher":[
            "$gcc"
        ],
        "group": "build",
        
        }
    ]
}

